{
  "version": 1,
  "author": "Artur Delpupo",
  "editor": "wokwi",
  "parts": [
    { "type": "board-esp32-devkit-c-v4", "id": "esp", "top": 0, "left": 0, "attrs": {} },
    {
      "type": "wokwi-slide-potentiometer",
      "id": "pot1",
      "top": 62.8,
      "left": -197.6,
      "rotate": 270,
      "attrs": { "travelLength": "30" }
    }
  ],
  "connections": [
    [ "esp:TX", "$serialMonitor:RX", "", [] ],
    [ "esp:RX", "$serialMonitor:TX", "", [] ],
    [ "pot1:VCC", "esp:5V", "red", [ "v19.2", "h19.2" ] ],
    [ "pot1:SIG", "esp:34", "green", [ "v0", "h47.2", "v-153.6" ] ],
    [ "pot1:GND", "esp:GND.1", "black", [ "v-14.8", "h86.4", "v153.6" ] ]
  ],
  "dependencies": {}
}